{"cameraMode":{"drawMode":0,"name":"Shaded","section":"Shading Mode"},"sceneLighting":false,"audioPlay":false,"sceneViewState":{"showFog":true,"showMaterialUpdate":false,"showSkybox":false,"showFlares":true,"showImageEffects":true,"showParticleSystems":true,"showVisualEffectGraphs":true,"m_FxEnabled":true},"in2DMode":false,"pivot":{"x":0.24000006914138795,"y":0.3535630702972412,"z":0.8899997472763062},"rotation":{"x":-0.25542932748794558,"y":-0.48701655864715578,"z":0.1514555811882019,"w":-0.8213739991188049},"size":0.7178362607955933,"orthographic":true}