{"cameraMode":{"drawMode":0,"name":"Shaded","section":"Shading Mode"},"sceneLighting":false,"audioPlay":false,"sceneViewState":{"showFog":true,"showMaterialUpdate":false,"showSkybox":true,"showFlares":true,"showImageEffects":true,"showParticleSystems":true,"showVisualEffectGraphs":true,"m_FxEnabled":true},"in2DMode":false,"pivot":{"x":57.37106704711914,"y":3.730825901031494,"z":-0.22752565145492555},"rotation":{"x":0.019469667226076127,"y":0.9769135117530823,"z":-0.1868656575679779,"w":0.10176417976617813},"size":89.83685302734375,"orthographic":true}