{"cameraMode":{"drawMode":0,"name":"Shaded","section":"Shading Mode"},"sceneLighting":false,"audioPlay":false,"sceneViewState":{"showFog":true,"showMaterialUpdate":false,"showSkybox":true,"showFlares":true,"showImageEffects":true,"showParticleSystems":true,"showVisualEffectGraphs":true,"m_FxEnabled":true},"in2DMode":false,"pivot":{"x":108.36697387695313,"y":0.7499966025352478,"z":-10.282546997070313},"rotation":{"x":0.03264641389250755,"y":0.8036513924598694,"z":-0.5926209092140198,"w":0.044137511402368548},"size":107.63719177246094,"orthographic":true}