{"cameraMode":{"drawMode":0,"name":"Shaded","section":"Shading Mode"},"sceneLighting":false,"audioPlay":false,"sceneViewState":{"showFog":true,"showMaterialUpdate":false,"showSkybox":true,"showFlares":true,"showImageEffects":true,"showParticleSystems":true,"showVisualEffectGraphs":true,"m_FxEnabled":true},"in2DMode":false,"pivot":{"x":112.87461853027344,"y":606.4197387695313,"z":3.264495849609375},"rotation":{"x":-0.015306364744901657,"y":0.018593953922390939,"z":-0.00028464311617426574,"w":-0.9997104406356812},"size":609.2593994140625,"orthographic":false}