{"cameraMode":{"drawMode":0,"name":"Shaded","section":"Shading Mode"},"sceneLighting":false,"audioPlay":false,"sceneViewState":{"showFog":true,"showMaterialUpdate":false,"showSkybox":true,"showFlares":true,"showImageEffects":true,"showParticleSystems":true,"showVisualEffectGraphs":true,"m_FxEnabled":true},"in2DMode":false,"pivot":{"x":28.699996948242189,"y":15.01761245727539,"z":81.69999694824219},"rotation":{"x":-0.7249135971069336,"y":0.0038981446996331217,"z":-0.004199609160423279,"w":-0.6888566017150879},"size":69.51412200927735,"orthographic":true}