{"cameraMode":{"drawMode":0,"name":"Shaded","section":"Shading Mode"},"sceneLighting":false,"audioPlay":false,"sceneViewState":{"showFog":true,"showMaterialUpdate":false,"showSkybox":true,"showFlares":true,"showImageEffects":true,"showParticleSystems":true,"showVisualEffectGraphs":true,"m_FxEnabled":true},"in2DMode":false,"pivot":{"x":156.212646484375,"y":1.7060270309448243,"z":58.190879821777347},"rotation":{"x":0.21799439191818238,"y":0.11828106641769409,"z":-0.026537468656897546,"w":0.9684380292892456},"size":15.318385124206543,"orthographic":true}