{"cameraMode":{"drawMode":0,"name":"Shaded","section":"Shading Mode"},"sceneLighting":false,"audioPlay":false,"sceneViewState":{"showFog":true,"showMaterialUpdate":false,"showSkybox":true,"showFlares":true,"showImageEffects":true,"showParticleSystems":true,"showVisualEffectGraphs":true,"m_FxEnabled":true},"in2DMode":false,"pivot":{"x":186.3000030517578,"y":0.16300001740455628,"z":51.099998474121097},"rotation":{"x":0.36773574352264407,"y":0.30244994163513186,"z":-0.1279100775718689,"w":0.8700844645500183},"size":89.62020111083985,"orthographic":true}