{"cameraMode":{"drawMode":0,"name":"Shaded","section":"Shading Mode"},"sceneLighting":false,"audioPlay":false,"sceneViewState":{"showFog":true,"showMaterialUpdate":false,"showSkybox":true,"showFlares":true,"showImageEffects":true,"showParticleSystems":true,"showVisualEffectGraphs":true,"m_FxEnabled":true},"in2DMode":false,"pivot":{"x":99.47776794433594,"y":5.361204147338867,"z":99.46630096435547},"rotation":{"x":0.013941771350800991,"y":0.7018787264823914,"z":-0.013631499372422696,"w":0.7120805978775024},"size":2.1894681453704836,"orthographic":true}