{"cameraMode":{"drawMode":0,"name":"Shaded","section":"Shading Mode"},"sceneLighting":false,"audioPlay":false,"sceneViewState":{"showFog":true,"showMaterialUpdate":false,"showSkybox":true,"showFlares":true,"showImageEffects":true,"showParticleSystems":true,"showVisualEffectGraphs":true,"m_FxEnabled":true},"in2DMode":false,"pivot":{"x":101.17572021484375,"y":-0.0016895434819161893,"z":96.08218383789063},"rotation":{"x":0.5552210211753845,"y":0.023697441443800927,"z":-0.015827171504497529,"w":0.8312185406684876},"size":100.55461120605469,"orthographic":true}