{"cameraMode":{"drawMode":0,"name":"Shaded","section":"Shading Mode"},"sceneLighting":false,"audioPlay":false,"sceneViewState":{"showFog":true,"showMaterialUpdate":false,"showSkybox":true,"showFlares":true,"showImageEffects":true,"showParticleSystems":true,"showVisualEffectGraphs":true,"m_FxEnabled":true},"in2DMode":false,"pivot":{"x":644.065673828125,"y":325.7742614746094,"z":1.242431640625},"rotation":{"x":0.011999325826764107,"y":-0.0027038068510591985,"z":0.000030106592021184042,"w":0.9999299645423889},"size":303.6776428222656,"orthographic":false}