{"cameraMode":{"drawMode":0,"name":"Shaded","section":"Shading Mode"},"sceneLighting":false,"audioPlay":false,"sceneViewState":{"showFog":true,"showMaterialUpdate":false,"showSkybox":true,"showFlares":true,"showImageEffects":true,"showParticleSystems":true,"showVisualEffectGraphs":true,"m_FxEnabled":true},"in2DMode":false,"pivot":{"x":-20.148887634277345,"y":7.693994522094727,"z":132.92501831054688},"rotation":{"x":-0.42748382687568667,"y":0.5724963545799255,"z":-0.49250343441963198,"w":-0.49698296189308169},"size":107.10248565673828,"orthographic":true}