{"cameraMode":{"drawMode":0,"name":"Shaded","section":"Shading Mode"},"sceneLighting":false,"audioPlay":false,"sceneViewState":{"showFog":true,"showMaterialUpdate":false,"showSkybox":true,"showFlares":true,"showImageEffects":true,"showParticleSystems":true,"showVisualEffectGraphs":true,"m_FxEnabled":true},"in2DMode":false,"pivot":{"x":1290.5001220703125,"y":184.00003051757813,"z":-0.00002288818359375},"rotation":{"x":-0.05607952922582626,"y":0.002451909938827157,"z":0.0003640221548266709,"w":0.9985201954841614},"size":256.62713623046877,"orthographic":true}