{"cameraMode":{"drawMode":0,"name":"Shaded","section":"Shading Mode"},"sceneLighting":false,"audioPlay":false,"sceneViewState":{"showFog":true,"showMaterialUpdate":false,"showSkybox":true,"showFlares":true,"showImageEffects":true,"showParticleSystems":true,"showVisualEffectGraphs":true,"m_FxEnabled":true},"in2DMode":false,"pivot":{"x":102.36000061035156,"y":2.6500000953674318,"z":72.30000305175781},"rotation":{"x":-0.2820131182670593,"y":-0.010349651798605919,"z":0.003017061622813344,"w":-0.9593797326087952},"size":10.127058982849121,"orthographic":true}