{"cameraMode":{"drawMode":0,"name":"Shaded","section":"Shading Mode"},"sceneLighting":false,"audioPlay":false,"sceneViewState":{"showFog":true,"showMaterialUpdate":false,"showSkybox":true,"showFlares":true,"showImageEffects":true,"showParticleSystems":true,"showVisualEffectGraphs":true,"m_FxEnabled":true},"in2DMode":false,"pivot":{"x":102.47463989257813,"y":1.7607383728027344,"z":70.98802185058594},"rotation":{"x":0.003980398643761873,"y":-0.6838027238845825,"z":0.003646726720035076,"w":0.7297220230102539},"size":3.3988404273986818,"orthographic":true}