{"cameraMode":{"drawMode":0,"name":"Shaded","section":"Shading Mode"},"sceneLighting":false,"audioPlay":false,"sceneViewState":{"showFog":true,"showMaterialUpdate":false,"showSkybox":true,"showFlares":true,"showImageEffects":true,"showParticleSystems":true,"showVisualEffectGraphs":true,"m_FxEnabled":true},"in2DMode":false,"pivot":{"x":626.7708129882813,"y":284.6299743652344,"z":4.014251708984375},"rotation":{"x":-0.032994579523801807,"y":-0.0012032331433147193,"z":-0.00004203482603770681,"w":0.9994601011276245},"size":365.07232666015627,"orthographic":false}