{"cameraMode":{"drawMode":0,"name":"Shaded","section":"Shading Mode"},"sceneLighting":false,"audioPlay":false,"sceneViewState":{"showFog":true,"showMaterialUpdate":false,"showSkybox":true,"showFlares":true,"showImageEffects":true,"showParticleSystems":true,"showVisualEffectGraphs":true,"m_FxEnabled":true},"in2DMode":false,"pivot":{"x":34.980003356933597,"y":15.01761245727539,"z":35.790008544921878},"rotation":{"x":-0.6496962308883667,"y":0.018015069887042047,"z":-0.015438834205269814,"w":-0.7598686218261719},"size":43.513858795166019,"orthographic":true}