{"cameraMode":{"drawMode":0,"name":"Shaded","section":"Shading Mode"},"sceneLighting":false,"audioPlay":false,"sceneViewState":{"showFog":true,"showMaterialUpdate":false,"showSkybox":false,"showFlares":true,"showImageEffects":true,"showParticleSystems":true,"showVisualEffectGraphs":true,"m_FxEnabled":true},"in2DMode":false,"pivot":{"x":-0.26899999380111697,"y":0.5695925951004028,"z":-1.122999906539917},"rotation":{"x":-0.23634789884090424,"y":0.07833488285541535,"z":-0.01914350874722004,"w":-0.9683349132537842},"size":0.9306269288063049,"orthographic":true}