{"cameraMode":{"drawMode":0,"name":"Shaded","section":"Shading Mode"},"sceneLighting":false,"audioPlay":false,"sceneViewState":{"showFog":true,"showMaterialUpdate":false,"showSkybox":false,"showFlares":true,"showImageEffects":true,"showParticleSystems":true,"showVisualEffectGraphs":true,"m_FxEnabled":true},"in2DMode":false,"pivot":{"x":-0.41800007224082949,"y":0.34986215829849245,"z":0.01699995994567871},"rotation":{"x":0.1496821641921997,"y":0.8180148005485535,"z":-0.2457839995622635,"w":0.4980717897415161},"size":2.365856885910034,"orthographic":true}