{"cameraMode":{"drawMode":0,"name":"Shaded","section":"Shading Mode"},"sceneLighting":false,"audioPlay":false,"sceneViewState":{"showFog":true,"showMaterialUpdate":false,"showSkybox":false,"showFlares":true,"showImageEffects":true,"showParticleSystems":true,"showVisualEffectGraphs":true,"m_FxEnabled":true},"in2DMode":false,"pivot":{"x":-0.41800007224082949,"y":0.34986215829849245,"z":0.01699995994567871},"rotation":{"x":-0.3179313838481903,"y":0.4795534014701843,"z":-0.1917821615934372,"w":-0.7951115965843201},"size":0.9907488822937012,"orthographic":true}