{"cameraMode":{"drawMode":0,"name":"Shaded","section":"Shading Mode"},"sceneLighting":false,"audioPlay":false,"sceneViewState":{"showFog":true,"showMaterialUpdate":false,"showSkybox":false,"showFlares":true,"showImageEffects":true,"showParticleSystems":true,"showVisualEffectGraphs":true,"m_FxEnabled":true},"in2DMode":false,"pivot":{"x":-0.41800007224082949,"y":0.34986215829849245,"z":0.01699995994567871},"rotation":{"x":-0.2806059420108795,"y":0.0959906056523323,"z":-0.028242025524377824,"w":-0.9546112418174744},"size":0.9907488822937012,"orthographic":true}