{"cameraMode":{"drawMode":0,"name":"Shaded","section":"Shading Mode"},"sceneLighting":false,"audioPlay":false,"sceneViewState":{"showFog":true,"showMaterialUpdate":false,"showSkybox":false,"showFlares":true,"showImageEffects":true,"showParticleSystems":true,"showVisualEffectGraphs":true,"m_FxEnabled":true},"in2DMode":false,"pivot":{"x":0.2240123748779297,"y":7.5002899169921879,"z":-9.547406196594239},"rotation":{"x":-0.008749702014029026,"y":-0.7598143815994263,"z":0.010281340219080449,"w":-0.6500861048698425},"size":7.656002521514893,"orthographic":true}