{"cameraMode":{"drawMode":0,"name":"Shaded","section":"Shading Mode"},"sceneLighting":false,"audioPlay":false,"sceneViewState":{"showFog":true,"showMaterialUpdate":false,"showSkybox":false,"showFlares":true,"showImageEffects":true,"showParticleSystems":true,"showVisualEffectGraphs":true,"m_FxEnabled":true},"in2DMode":false,"pivot":{"x":0.05220794677734375,"y":0.8565447330474854,"z":0.0515594482421875},"rotation":{"x":0.08801430463790894,"y":0.9090605974197388,"z":-0.24658100306987763,"w":0.32422226667404177},"size":1.8883798122406006,"orthographic":true}